{"corners": [[48.89123280295925, 2.2568244141185527], [48.89356288793939, 2.4266348653893455], [48.82076787047268, 2.2591508595761622], [48.82309795545282, 2.428961310846955]], "projection": [-0.02128129341948039, 0.9124840392050948, 1.4154075962413122, 48.89123280295925, 2.2568244141185527], "x": [5435, 5904, 6603, 7617, 5072], "y": [5894, 3617, 4357, 4028, 2717], "x_": [4188, 4591, 5175, 6054, 3825], "y_": [5666, 3737, 4347, 4057, 2934]}