{"corners": [[48.913698658145776, 2.2059918990006384], [48.9144323550806, 2.4282365637495023], [48.803257615061284, 2.2068293270479384], [48.8039913119961, 2.4290739917968027]], "projection": [-0.005003196474050785, 1.222052074800251, 1.8520620532443144, 48.913698658145776, 2.2059918990006384], "x": [4540, 4754, 5096, 5600, 4303], "y": [4038, 2944, 3292, 3127, 2426], "x_": [4187, 4592, 5175, 6055, 3792], "y_": [5665, 3737, 4346, 4057, 2823]}