{"corners": [[48.89118116138569, 2.2782070353315307], [48.88934944354815, 2.412705253635503], [48.823216041581674, 2.2760784793546986], [48.821384323744134, 2.410576697658671]], "projection": [0.020649463959181012, 0.7392637495053096, 1.1210574870327772, 48.89118116138569, 2.2782070353315307], "x": [2643, 3135, 3480, 2577, 4288], "y": [4173, 2370, 2726, 1760, 2600], "x_": [4014, 4591, 5018, 3825, 6052], "y_": [5959, 3737, 4190, 2935, 4050]}