{"corners": [[48.910602763632326, 2.2115333445922345], [48.92275379859398, 2.424049991551599], [48.808661787799366, 2.2244759006745753], [48.82081282276103, 2.43699254763394]], "projection": [-0.08499594358684731, 1.1927704295363462, 1.7773883965595556, 48.910602763632326, 2.2115333445922345], "x": [6114, 6556, 7065, 5931, 7758], "y": [5707, 3937, 4379, 3288, 4194], "x_": [4015, 4592, 5208, 3822, 6056], "y_": [5959, 3738, 4270, 2930, 4058]}