{"corners": [[48.9111733572562, 2.226914048294871], [48.90960625040545, 2.436839660376005], [48.80821144100547, 2.2251527503153756], [48.80664433415472, 2.435078362396509]], "projection": [0.011299942022326256, 1.1557140429391937, 1.74949179464506, 48.9111733572562, 2.226914048294871], "x": [5349, 5653, 6140, 6853, 5078], "y": [5432, 3887, 4376, 4129, 3253], "x_": [4188, 4591, 5175, 6056, 3824], "y_": [5666, 3738, 4346, 4058, 2935]}