{"corners": [[48.904313508665965, 2.233628759452638], [48.91386389284758, 2.4273702489339257], [48.81120323034142, 2.2442365436898606], [48.820753614523035, 2.4379780331711483]], "projection": [-0.07480000144210014, 1.0649839139162163, 1.6190395967659075, 48.904313508665965, 2.233628759452638], "x": [7333, 6511, 5986, 5487, 5279], "y": [4246, 4515, 3904, 5919, 3235], "x_": [6054, 5174, 4592, 4018, 3770], "y_": [4058, 4347, 3738, 5956, 2960]}