{"corners": [[48.88903529579309, 2.2739188785146505], [48.948044667235074, 2.3784142310442915], [48.84198998961531, 2.339821302086066], [48.900999361057295, 2.444316654615707]], "projection": [-0.7269362752960068, 0.7399292373566808, 1.1653884916593704, 48.88903529579309, 2.2739188785146505], "x": [4803, 5288, 6028, 7147, 4318], "y": [6290, 3775, 4598, 4195, 2721], "x_": [4188, 4591, 5173, 6056, 3825], "y_": [5666, 3737, 4346, 4058, 2935]}