{"corners": [[48.88499073968742, 2.2894345142009076], [48.88689559368343, 2.3984654927622118], [48.82841076220737, 2.291819857349241], [48.83031561620337, 2.4008508359105454]], "projection": [-0.027132720851401965, 0.5851138640539935, 0.908926036134281, 48.88499073968742, 2.2894345142009076], "x": [3650, 4126, 4873, 6005, 3156], "y": [5815, 3321, 4134, 3731, 2249], "x_": [4188, 4591, 5175, 6056, 3824], "y_": [5665, 3738, 4346, 4057, 2935]}