{"corners": [[48.91418338728357, 2.2053426052830654], [48.916337262271675, 2.4285616129313046], [48.80289617386368, 2.207775010577917], [48.80505004885178, 2.4309940182261567]], "projection": [-0.014521432741474258, 1.2360756263792332, 1.8603545419715695, 48.91418338728357, 2.2053426052830654], "x": [4556, 4778, 5119, 5627, 4353], "y": [4045, 2952, 3304, 3139, 2504], "x_": [4188, 4592, 5175, 6055, 3825], "y_": [5665, 3738, 4347, 4058, 2936]}