{"corners": [[48.89358329379429, 2.2757455345135433], [48.89224486159432, 2.412434114534338], [48.79801507271922, 2.2734780601351092], [48.796676640519244, 2.410166640155904]], "projection": [0.015240979766241836, 0.7318449112988759, 1.1392038089941392, 48.89358329379429, 2.2757455345135433], "x": [3220, 3558, 2761, 4391, 2577], "y": [2564, 2933, 4375, 2812, 1969], "x_": [4592, 5018, 4015, 6054, 3769], "y_": [3737, 4189, 5958, 4054, 2960]}