{"corners": [[48.963082421904296, 2.1482020976619993], [48.96193302482689, 2.525162078134307], [48.75671450399124, 2.146741260553889], [48.755565106913835, 2.5237012410261968]], "projection": [0.0046458384223904406, 2.0617039517269498, 3.141367071883897, 48.963082421904296, 2.1482020976619993], "x": [4312, 4470, 4671, 5024, 4192], "y": [4403, 3684, 3903, 3795, 3373], "x_": [4188, 4591, 5175, 6055, 3824], "y_": [5666, 3738, 4347, 4055, 2935]}