{"corners": [[48.9132356143119, 2.218746757712845], [48.914890979696395, 2.4461276449906495], [48.80484484221768, 2.2204395564526913], [48.80650020760218, 2.447820443730496]], "projection": [-0.010662523618827404, 1.2937812303621625, 1.8949484440797324, 48.9132356143119, 2.218746757712845], "x": [5748, 5940, 6393, 7117, 5355], "y": [5441, 3905, 4366, 4157, 3302], "x_": [4346, 4591, 5164, 6056, 3825], "y_": [5752, 3737, 4342, 4057, 2934]}