{"corners": [[48.90856689809007, 2.2342942720345147], [48.90843089425705, 2.4267790474600024], [48.80969437434176, 2.2341278684253343], [48.80955837050874, 2.426612643850822]], "projection": [0.0010904876980066913, 1.0393198399955144, 1.604040748945594, 48.90856689809007, 2.2342942720345147], "x": [5831, 6187, 6748, 7587, 5486], "y": [6279, 4440, 5021, 4744, 3692], "x_": [4191, 4592, 5175, 6056, 3823], "y_": [5664, 3738, 4347, 4058, 2935]}