{"corners": [[48.91091088012067, 2.2393923273033254], [48.918782659167526, 2.4272741386378924], [48.80885809131936, 2.2486968742631688], [48.81672987036621, 2.436578685597736]], "projection": [-0.061727284744916844, 1.063384452574025, 1.5686693295051435, 48.91091088012067, 2.2393923273033254], "x": [4557, 5042, 4159, 3956, 5617], "y": [3422, 3788, 4979, 2887, 3649], "x_": [4590, 5257, 4014, 3771, 6056], "y_": [3737, 4252, 5959, 2960, 4057]}