{"corners": [[48.916300814248416, 2.2083401561192177], [48.91686529405073, 2.457888623302048], [48.80131963639478, 2.2089520089151677], [48.801884116197094, 2.458500476097998]], "projection": [-0.003469405843036846, 1.3558539998720927, 2.0795830755831304, 48.916300814248416, 2.2083401561192177], "x": [6416, 6857, 5962, 5781, 7580], "y": [4284, 4764, 6026, 3668, 4533], "x_": [4592, 5167, 4014, 3770, 6055], "y_": [3737, 4343, 5958, 2961, 4058]}