{"corners": [[48.89590529437547, 2.26202743112532], [48.8945082832262, 2.423866138843494], [48.82504737217919, 2.260590258572279], [48.82365036102993, 2.4224289662904526]], "projection": [0.013231029635694313, 0.879908788107918, 1.3487739542113308, 48.89590529437547, 2.26202743112532], "x": [6209, 5105, 4639, 7233, 5546], "y": [4521, 6063, 3004, 4200, 3847], "x_": [5169, 4189, 3770, 6055, 4591], "y_": [4343, 5667, 2961, 4058, 3738]}