{"corners": [[48.907833517977835, 2.2182193771657857], [48.912176525549135, 2.4334968245376936], [48.79966955462384, 2.223385888378339], [48.80401256219514, 2.4386633357502463]], "projection": [-0.031032300865434473, 1.166447159861372, 1.7948428789114883, 48.907833517977835, 2.2182193771657857], "x": [4997, 4797, 6388, 5354, 5803], "y": [4959, 2810, 3536, 3390, 3724], "x_": [4012, 3770, 5969, 4593, 5136], "y_": [5960, 2960, 3924, 3738, 4229]}