{"corners": [[48.89761369838298, 2.265531458503869], [48.89717331396331, 2.418642425178922], [48.819575833098654, 2.265009842660775], [48.81913544867898, 2.418120809335828]], "projection": [0.00438462783943942, 0.8369882364556409, 1.2759369871920558, 48.89761369838298, 2.265531458503869], "x": [2186, 2373, 2678, 3123, 1997], "y": [2810, 1831, 2146, 1993, 1437], "x_": [4188, 4592, 5175, 6056, 3825], "y_": [5665, 3737, 4346, 4058, 2936]}