{"corners": [[48.91829076075045, 2.2030383688913675], [49.008347476375434, 2.3969010444476164], [48.818591017422754, 2.3125949793629133], [48.90864773304774, 2.5064576549191626]], "projection": [-0.6203706600705922, 1.2909429429239454, 1.9854930460752682, 48.91829076075045, 2.2030383688913675], "x": [6032, 6249, 6677, 7321, 5694], "y": [5588, 4094, 4553, 4336, 3516], "x_": [4346, 4593, 5176, 6056, 3825], "y_": [5753, 3737, 4346, 4058, 2935]}