{"corners": [[48.89308396690525, 2.2866623977032923], [48.88522909913409, 2.416771302413304], [48.82750023474517, 2.2776502691083627], [48.81964536697401, 2.4077591738183743]], "projection": [0.09083116766575328, 0.7216391333325691, 1.0887289564495761, 48.89308396690525, 2.2866623977032923], "x": [3542, 3941, 4623, 3167, 5599], "y": [5386, 3301, 3916, 2427, 3493], "x_": [4188, 4592, 5175, 3825, 6055], "y_": [5666, 3737, 4346, 2935, 4057]}