{"corners": [[48.90404483277382, 2.2381285166097253], [48.90573835395475, 2.4288721410441805], [48.81058074589257, 2.2400181845631253], [48.812274267073505, 2.4307618089975804]], "projection": [-0.013397219782554662, 1.0534348854308457, 1.589672863099333, 48.90404483277382, 2.2381285166097253], "x": [4639, 5066, 5435, 4484, 6281], "y": [5241, 3478, 3841, 2828, 3747], "x_": [4016, 4591, 5017, 3825, 6055], "y_": [5958, 3737, 4191, 2935, 4058]}