{"corners": [[48.907365795855284, 2.2087905912438925], [48.90902793080933, 2.4252978026209595], [48.80826638589014, 2.210645515867582], [48.80992852084419, 2.427152727244649]], "projection": [-0.011986813711616088, 1.1555578198403933, 1.8043563882270979, 48.907365795855284, 2.2087905912438925], "x": [6406, 6610, 7081, 7815, 5953], "y": [5557, 3878, 4399, 4156, 3228], "x_": [4347, 4591, 5166, 6055, 3769], "y_": [5752, 3738, 4344, 4055, 2961]}