{"corners": [[48.897031026824585, 2.2579948668071896], [48.8915376499222, 2.415818595492742], [48.82723840131067, 2.252013307031132], [48.82174502440828, 2.409837035716684]], "projection": [0.05456381267890678, 0.8393999921213163, 1.3171579803639455, 48.897031026824585, 2.2579948668071896], "x": [6095, 6777, 7781, 5225, 5785], "y": [3899, 4559, 4170, 2969, 5104], "x_": [4591, 5174, 6055, 3824, 4294], "y_": [3738, 4347, 4057, 2935, 4776]}