{"corners": [[48.91458629801854, 2.2161399071709766], [48.92211251831732, 2.445869377379706], [48.795749352922016, 2.223626773912554], [48.803275573220795, 2.453356244121283]], "projection": [-0.04540000415861025, 1.3819393701994485, 1.9163869029079361, 48.91458629801854, 2.2161399071709766], "x": [5884, 6034, 6482, 5450, 7196], "y": [5515, 4070, 4538, 3456, 4327], "x_": [4346, 4591, 5165, 3824, 6055], "y_": [5752, 3738, 4343, 2935, 4058]}