{"corners": [[48.90331889573389, 2.2474410034449366], [48.90585795975422, 2.420153411766363], [48.81479071518139, 2.250581018934513], [48.81732977920172, 2.4232934272559397]], "projection": [-0.022830988386737798, 0.926841395572445, 1.4396452634953716, 48.90331889573389, 2.2474410034449366], "x": [4625, 4962, 5363, 4288, 6244], "y": [5354, 3656, 4070, 2981, 3943], "x_": [4189, 4590, 5001, 3769, 6055], "y_": [5666, 3737, 4225, 2960, 4056]}