{"corners": [[48.90153510712643, 2.3186132997714193], [48.8638127715964, 2.421925611521588], [48.85160785613844, 2.2710262705693816], [48.813885520608416, 2.37433858231955]], "projection": [0.5329804044830722, 0.6186797553465639, 0.9995813107742736, 48.90153510712643, 2.3186132997714193], "x": [4764, 5600, 6752, 6259, 3726], "y": [4080, 4358, 3438, 4120, 4473], "x_": [4591, 5019, 6055, 5500, 3805], "y_": [3737, 4190, 4058, 4276, 3611]}