{"corners": [[48.981436029037674, 2.0797050277048936], [48.99623012704151, 2.5764605603242448], [48.71659086780039, 2.095081992262918], [48.731384965804224, 2.591837524882269]], "projection": [-0.041558708877730624, 2.967359872258029, 4.143206844283706, 48.981436029037674, 2.0797050277048936], "x": [4673, 4864, 3582, 5370, 4594], "y": [3397, 3574, 3604, 4096, 3674], "x_": [4591, 5175, 859, 6912, 4286], "y_": [3738, 4346, 4535, 6148, 4779]}