{"corners": [[48.89317174758212, 2.256724393584416], [48.893499030065335, 2.4314122033725925], [48.8067922193259, 2.2571041316225875], [48.80711950180911, 2.431791941410764]], "projection": [-0.002869891816498637, 0.9503346972733584, 1.4557377431618215, 48.89317174758212, 2.256724393584416], "x": [6300, 7030, 5821, 8104, 5331], "y": [3910, 4647, 6261, 4305, 2985], "x_": [4591, 5165, 4188, 6055, 3771], "y_": [3737, 4344, 5666, 4058, 2961]}