{"corners": [[48.89425252565573, 2.2555010725849733], [48.89381946306543, 2.4320880025039675], [48.81494197037557, 2.2550294972807055], [48.81450890778526, 2.4316164271996996]], "projection": [0.0038185983202696284, 0.9450754929146548, 1.4715684782919012, 48.89425252565573, 2.2555010725849733], "x": [4642, 5018, 5453, 6439, 4318], "y": [5080, 3180, 3652, 3516, 2443], "x_": [4188, 4591, 5017, 6054, 3824], "y_": [5666, 3738, 4190, 4058, 2934]}