{"corners": [[48.89246478712876, 2.276900232035656], [48.895397619603536, 2.4102620997759923], [48.82169544915869, 2.2804961060801463], [48.82462828163346, 2.4138579738204826]], "projection": [-0.03341533184436178, 0.7315450165319743, 1.1119696440534552, 48.89246478712876, 2.276900232035656], "x": [3466, 3853, 4437, 5297, 3119], "y": [5006, 3112, 3708, 3434, 2347], "x_": [4189, 4592, 5175, 6064, 3825], "y_": [5666, 3737, 4346, 4042, 2936]}