{"corners": [[48.91408106069143, 2.204024313738913], [48.915198479207255, 2.4492302451574317], [48.80050674643765, 2.2051840860639818], [48.80162416495347, 2.4503900174825004]], "projection": [-0.006821533535942059, 1.3650732837222037, 2.043430305434553, 48.91408106069143, 2.204024313738913], "x": [5725, 6019, 6437, 7041, 5454], "y": [5028, 3682, 4108, 3913, 3117], "x_": [4188, 4590, 5175, 6055, 3825], "y_": [5666, 3737, 4347, 4058, 2935]}