{"corners": [[48.90940483086263, 2.2255008553929647], [48.91315948531169, 2.4355786939610637], [48.80481554090036, 2.2300388367564383], [48.80857019534942, 2.4401166753245374]], "projection": [-0.02784007431743319, 1.124021039463854, 1.7513273112987733, 48.90940483086263, 2.2255008553929647], "x": [3631, 3971, 3384, 4418, 3257], "y": [2601, 2902, 3767, 2734, 2179], "x_": [4594, 5208, 4015, 6082, 3818], "y_": [3738, 4269, 5959, 3952, 2938]}