{"corners": [[48.89668143022308, 2.25666440971409], [48.96372327744493, 2.39658316401925], [48.833367595609175, 2.331484304766705], [48.90040944283102, 2.4714030590718647]], "projection": [-0.6450856439898327, 0.9291748539086113, 1.4592229978091402, 48.89668143022308, 2.25666440971409], "x": [6213, 6722, 7469, 8603, 5744], "y": [7311, 4774, 5602, 5196, 3705], "x_": [4189, 4594, 5175, 6055, 3825], "y_": [5666, 3738, 4346, 4058, 2935]}