{"corners": [[48.901925855093836, 2.2475219306026997], [48.90555117671762, 2.4199826800194857], [48.811509846888534, 2.2516992608472486], [48.81513516851232, 2.4241600102640346]], "projection": [-0.031154037615079046, 0.9698871607804516, 1.4378706353410626, 48.901925855093836, 2.2475219306026997], "x": [4138, 4415, 4769, 5551, 3830], "y": [4648, 3185, 3537, 3463, 2576], "x_": [4188, 4591, 5016, 6056, 3824], "y_": [5666, 3738, 4190, 4057, 2936]}