{"corners": [[48.88644084851782, 2.2837001800044447], [48.892631503138645, 2.405383068742762], [48.821716444909605, 2.2890293885380983], [48.82790709953043, 2.410712277276416]], "projection": [-0.06463169575417382, 0.7987524079766727, 1.0161456844996208, 48.88644084851782, 2.2837001800044447], "x": [4403, 5211, 6050, 4156, 7381], "y": [6136, 3549, 4395, 2442, 3747], "x_": [4015, 4592, 5175, 3824, 6119], "y_": [5958, 3737, 4346, 2935, 3957]}