{"corners": [[48.88325416124147, 2.2949183791845824], [48.899159972943615, 2.3901200211676814], [48.827692682650515, 2.310226265656018], [48.84359849435266, 2.405427907639117]], "projection": [-0.21134501027594627, 0.6318594772553856, 0.8114009726055886, 48.88325416124147, 2.2949183791845824], "x": [3152, 3558, 4272, 5348, 2549], "y": [4648, 2684, 3378, 3019, 1791], "x_": [4189, 4597, 5176, 6054, 3763], "y_": [5666, 3728, 4346, 4058, 2972]}