{
  "corners": [
    [
      48.904313508665965,
      2.233628759452638
    ],
    [
      48.91386389284758,
      2.4273702489339257
    ],
    [
      48.81120323034142,
      2.2442365436898606
    ],
    [
      48.820753614523035,
      2.4379780331711483
    ]
  ],
  "projection": [
    -0.07480000144210014,
    1.0649839139162163,
    1.6190395967659075,
    48.904313508665965,
    2.233628759452638
  ],
  "x": [
    -0.0470888561644402,
    -0.050071471516554986,
    -0.043290849381355204,
    -0.06563900465459267,
    -0.03587186102166641
  ],
  "y": [
    0.08132457733154298,
    0.07220506668090822,
    0.06637930870056154,
    0.06084322929382325,
    0.05853652954101563
  ],
  "x_": [
    48.85485044594207,
    48.85174781382886,
    48.858281119018656,
    48.834519237469955,
    48.866609758356184
  ],
  "y_": [
    2.3662233352661137,
    2.3517930507659917,
    2.3422390222549443,
    2.332835197448731,
    2.328758239746094
  ]
}