{
  "corners": [
    [
      48.90856689809007,
      2.2342942720345147
    ],
    [
      48.90843089425705,
      2.4267790474600024
    ],
    [
      48.80969437434176,
      2.2341278684253343
    ],
    [
      48.80955837050874,
      2.426612643850822
    ]
  ],
  "projection": [
    0.0010904876980066913,
    1.0393198399955144,
    1.604040748945594,
    48.90856689809007,
    2.2342942720345147
  ],
  "x": [
    -0.06813077513142257,
    -0.04817783264814985,
    -0.05448102130057454,
    -0.051476948488459,
    -0.04005610616545487
  ],
  "y": [
    0.06327062845230104,
    0.06713032722473146,
    0.07321357727050783,
    0.08232235908508301,
    0.0595235824584961
  ],
  "x_": [
    48.837644122111456,
    48.858281119018656,
    48.851756638424916,
    48.854853975561916,
    48.866874416968344
  ],
  "y_": [
    2.3356676101684575,
    2.342249751091004,
    2.351809144020081,
    2.3662555217742924,
    2.329638004302979
  ]
}