{
  "corners": [
    [
      48.89123280295925,
      2.2568244141185527
    ],
    [
      48.89356288793939,
      2.4266348653893455
    ],
    [
      48.82076787047268,
      2.2591508595761622
    ],
    [
      48.82309795545282,
      2.428961310846955
    ]
  ],
  "projection": [
    -0.02128129341948039,
    0.9124840392050948,
    1.4154075962413122,
    48.89123280295925,
    2.2568244141185527
  ],
  "x": [
    -0.05935191046684262,
    -0.03642439596877067,
    -0.043880935193895645,
    -0.04056572575215257,
    -0.027358530912254802
  ],
  "y": [
    0.054733157157897956,
    0.05945920944213868,
    0.06649732589721681,
    0.07671117782592775,
    0.05107462406158448
  ],
  "x_": [
    48.8376264679435,
    48.858284648396626,
    48.85174781382886,
    48.85486103480092,
    48.86688500328369
  ],
  "y_": [
    2.3356193304061894,
    2.3422282934188847,
    2.3517984151840214,
    2.3662233352661137,
    2.329664826393128
  ]
}