{
  "corners": [
    [
      48.91260684917449,
      2.2095809293954582
    ],
    [
      48.91157991845275,
      2.432298360871838
    ],
    [
      48.80777371491519,
      2.208462906337733
    ],
    [
      48.80674678419346,
      2.431180337814113
    ]
  ],
  "projection": [
    0.007012331601411606,
    1.2203966720479573,
    1.8560242283984825,
    48.91260684917449,
    2.2095809293954582
  ],
  "x": [
    -0.06057499710779967,
    -0.043473239542091605,
    -0.048928850902656015,
    -0.04634320230616727,
    -0.03671407448338129
  ],
  "y": [
    0.06760239601135255,
    0.07130384445190431,
    0.0765126943588257,
    0.08422136306762695,
    0.06467878818511964
  ],
  "x_": [
    48.83762999877758,
    48.85829170715186,
    48.85176193318182,
    48.85485044594207,
    48.866874416968344
  ],
  "y_": [
    2.3356139659881596,
    2.3422122001647954,
    2.3517930507659917,
    2.366244792938233,
    2.329664826393128
  ]
}