{
  "corners": [
    [
      48.91418338728357,
      2.2053426052830654
    ],
    [
      48.916337262271675,
      2.4285616129313046
    ],
    [
      48.80289617386368,
      2.207775010577917
    ],
    [
      48.80505004885178,
      2.4309940182261567
    ]
  ],
  "projection": [
    -0.014521432741474258,
    1.2360756263792332,
    1.8603545419715695,
    48.91418338728357,
    2.2053426052830654
  ],
  "x": [
    -0.06205021122128315,
    -0.04527568345946261,
    -0.050677650519639864,
    -0.0481510105674832,
    -0.03841459463328304
  ],
  "y": [
    0.06988763809204103,
    0.0732940435409546,
    0.0785297155380249,
    0.08630812168121339,
    0.06677091121673585
  ],
  "x_": [
    48.83762999877758,
    48.85827758964043,
    48.85175134366747,
    48.85484868113202,
    48.866870888196054
  ],
  "y_": [
    2.3356139659881596,
    2.3422390222549443,
    2.351809144020081,
    2.366236746311188,
    2.329659461975098
  ]
}