{
  "corners": [
    [
      48.91091088012067,
      2.2393923273033254
    ],
    [
      48.918782659167526,
      2.4272741386378924
    ],
    [
      48.80885809131936,
      2.2486968742631688
    ],
    [
      48.81672987036621,
      2.436578685597736
    ]
  ],
  "projection": [
    -0.061727284744916844,
    1.063384452574025,
    1.5686693295051435,
    48.91091088012067,
    2.2393923273033254
  ],
  "x": [
    -0.04937409743530285,
    -0.05465268259967377,
    -0.07182953860345138,
    -0.041643973498648346,
    -0.052635662304632284
  ],
  "y": [
    0.06574630737304689,
    0.07274150848388673,
    0.060006380081176765,
    0.05707740783691407,
    0.08103489875793458
  ],
  "x_": [
    48.858284648396626,
    48.85277145659891,
    48.83448745798081,
    48.86660622956524,
    48.85486103480092
  ],
  "y_": [
    2.3422122001647954,
    2.3531448841094975,
    2.3327654600143437,
    2.3287716507911687,
    2.366244792938233
  ]
}