{
  "corners": [
    [
      48.89022038551537,
      2.274769932871566
    ],
    [
      48.891189285627064,
      2.4172648668582526
    ],
    [
      48.82452481230495,
      2.275800840492731
    ],
    [
      48.825493712416645,
      2.4182957744794176
    ]
  ],
  "projection": [
    -0.01032918764393509,
    0.7816985664879258,
    1.187521132231169,
    48.89022038551537,
    2.274769932871566
  ],
  "x": [
    -0.04014730124962702,
    -0.0668191758326784,
    -0.04849433319928103,
    -0.04471778415640366,
    -0.02984762056772207
  ],
  "y": [
    0.05640149116516114,
    0.05126237869262696,
    0.06464123725891115,
    0.07696866989135744,
    0.045168399810791016
  ],
  "x_": [
    48.858281119018656,
    48.837612344604636,
    48.85180076138195,
    48.8548680940389,
    48.86662034472753
  ],
  "y_": [
    2.3422336578369145,
    2.3356461524963383,
    2.3516428470611577,
    2.366244792938233,
    2.328758239746094
  ]
}