{
  "corners": [
    [
      48.892708417765625,
      2.2646763631004125
    ],
    [
      48.89385613124034,
      2.4232373713882582
    ],
    [
      48.82026563389299,
      2.2658728962446184
    ],
    [
      48.82141334736771,
      2.4244339045324645
    ]
  ],
  "projection": [
    -0.010933671849911238,
    0.8747719568051247,
    1.3214207196841743,
    48.892708417765625,
    2.2646763631004125
  ],
  "x": [
    -0.06337522168091639,
    -0.03980397857929358,
    -0.047410721136791054,
    -0.04381656219639504,
    -0.029906629158022884
  ],
  "y": [
    0.05395531654357911,
    0.058633089065551765,
    0.06604671478271486,
    0.07691502571105957,
    0.04928290843963624
  ],
  "x_": [
    48.83762999877758,
    48.858284648396626,
    48.85175487350584,
    48.854857505181556,
    48.866877945740384
  ],
  "y_": [
    2.3356139659881596,
    2.342244386672974,
    2.351814508438111,
    2.3662286996841435,
    2.3296487331390385
  ]
}