{
  "corners": [
    [
      48.902694526969725,
      2.2506095072583827
    ],
    [
      48.92849208937179,
      2.414676733746057
    ],
    [
      48.81640756869629,
      2.278923099174452
    ],
    [
      48.84220513109835,
      2.4429903256621266
    ]
  ],
  "projection": [
    -0.22335521378143963,
    0.9705509436496514,
    1.4020542650015155,
    48.902694526969725,
    2.2506095072583827
  ],
  "x": [
    -0.07046697747444408,
    -0.04590868458655874,
    -0.05286096776640065,
    -0.049449199259785304,
    -0.037089583667572666
  ],
  "y": [
    0.05982398986816407,
    0.06563901901245119,
    0.07280588150024415,
    0.08303046226501466,
    0.056916475296020515
  ],
  "x_": [
    48.83447333375697,
    48.858281119018656,
    48.85176546301945,
    48.85486103480092,
    48.866874416968344
  ],
  "y_": [
    2.3327252268791203,
    2.342201471328736,
    2.351809144020081,
    2.3662340641021733,
    2.3296540975570683
  ]
}