{
  "corners": [
    [
      48.9132356143119,
      2.218746757712845
    ],
    [
      48.914890979696395,
      2.4461276449906495
    ],
    [
      48.80484484221768,
      2.2204395564526913
    ],
    [
      48.80650020760218,
      2.447820443730496
    ]
  ],
  "projection": [
    -0.010662523618827404,
    1.2937812303621625,
    1.8949484440797324,
    48.9132356143119,
    2.218746757712845
  ],
  "x": [
    -0.05931972397592285,
    -0.04257201756715983,
    -0.047603840119484035,
    -0.045318598790290016,
    -0.03600060702905906
  ],
  "y": [
    0.06266713142395021,
    0.06475925445556642,
    0.06969451904296876,
    0.07759094238281251,
    0.05837559700012208
  ],
  "x_": [
    48.836704911736845,
    48.858284648396626,
    48.85180429121682,
    48.85486103480092,
    48.86688500328369
  ],
  "y_": [
    2.3382103443145756,
    2.3422282934188847,
    2.3516160249710087,
    2.366244792938233,
    2.329664826393128
  ]
}