{
  "corners": [
    [
      48.888590825939296,
      2.2690791843033185
    ],
    [
      48.8879210046288,
      2.415314339203394
    ],
    [
      48.82691153400631,
      2.2684086445713882
    ],
    [
      48.82624171269581,
      2.4146437994714636
    ]
  ],
  "projection": [
    0.0070564934956545144,
    0.7910289411697352,
    1.218656631663428,
    48.888590825939296,
    2.2690791843033185
  ],
  "x": [
    -0.06374000188250772,
    -0.03734707567868124,
    -0.04582821834189983,
    -0.02689182659597941,
    -0.041745897414229675
  ],
  "y": [
    0.05408406257629395,
    0.05978107452392579,
    0.0673341751098633,
    0.050039291381835944,
    0.07946848869323732
  ],
  "x_": [
    48.83761940627458,
    48.858274060261955,
    48.85175840334394,
    48.86688147451216,
    48.8548751532759
  ],
  "y_": [
    2.3356193304061894,
    2.3422282934188847,
    2.3517984151840214,
    2.3296540975570683,
    2.3662233352661137
  ]
}