{
  "corners": [
    [
      48.89590529437547,
      2.26202743112532
    ],
    [
      48.8945082832262,
      2.423866138843494
    ],
    [
      48.82504737217919,
      2.260590258572279
    ],
    [
      48.82365036102993,
      2.4224289662904526
    ]
  ],
  "projection": [
    0.013231029635694313,
    0.879908788107918,
    1.3487739542113308,
    48.89590529437547,
    2.26202743112532
  ],
  "x": [
    -0.04844068903817672,
    -0.06496308842183969,
    -0.03218650648583045,
    -0.04500209822484633,
    -0.04122554900173329
  ],
  "y": [
    0.0665348768234253,
    0.05470633506774902,
    0.04971206188201905,
    0.07750511169433595,
    0.05942702293395997
  ],
  "x_": [
    48.85179193679365,
    48.837612344604636,
    48.86660446516968,
    48.854853975561916,
    48.85827758964043
  ],
  "y_": [
    2.3516991734504704,
    2.335624694824219,
    2.328763604164124,
    2.366239428520203,
    2.3422336578369145
  ]
}