{
  "corners": [
    [
      48.897031026824585,
      2.2579948668071896
    ],
    [
      48.8915376499222,
      2.415818595492742
    ],
    [
      48.82723840131067,
      2.252013307031132
    ],
    [
      48.82174502440828,
      2.409837035716684
    ]
  ],
  "projection": [
    0.05456381267890678,
    0.8393999921213163,
    1.3171579803639455,
    48.897031026824585,
    2.2579948668071896
  ],
  "x": [
    -0.04269003473115896,
    -0.04991053903691878,
    -0.04565119260332455,
    -0.032503007099160555,
    -0.05587576934149257
  ],
  "y": [
    0.06672263145446779,
    0.07418990135192872,
    0.0851869583129883,
    0.05720615386962891,
    0.06333231925964357
  ],
  "x_": [
    48.858281119018656,
    48.85175487350584,
    48.854857505181556,
    48.866877945740384,
    48.84715881317847
  ],
  "y_": [
    2.342217564582825,
    2.3517930507659917,
    2.3662286996841435,
    2.3296540975570683,
    2.3373627662658696
  ]
}