{
  "corners": [
    [
      48.89064291081513,
      2.278621472805272
    ],
    [
      48.893058141891466,
      2.408777485095975
    ],
    [
      48.823451452039166,
      2.28163589489079
    ],
    [
      48.8258666831155,
      2.411791907181493
    ]
  ],
  "projection": [
    -0.02884508015154449,
    0.6978561634997886,
    1.0850848207111898,
    48.89064291081513,
    2.278621472805272
  ],
  "x": [
    -0.0761103406227455,
    -0.0461554477362973,
    -0.05340813817015194,
    -0.051412575498057396,
    -0.0343215445019643
  ],
  "y": [
    0.052152872085571296,
    0.0580430030822754,
    0.06494164466857912,
    0.08057355880737306,
    0.04694938659667969
  ],
  "x_": [
    48.83762999877758,
    48.858281119018656,
    48.85343504831638,
    48.8548680940389,
    48.866874416968344
  ],
  "y_": [
    2.3356139659881596,
    2.3422282934188847,
    2.349212765693665,
    2.3662018775939946,
    2.3296540975570683
  ]
}