{
  "corners": [
    [
      48.88903529579309,
      2.2739188785146505
    ],
    [
      48.948044667235074,
      2.3784142310442915
    ],
    [
      48.84198998961531,
      2.339821302086066
    ],
    [
      48.900999361057295,
      2.444316654615707
    ]
  ],
  "projection": [
    -0.7269362752960068,
    0.7399292373566808,
    1.1653884916593704,
    48.88903529579309,
    2.2739188785146505
  ],
  "x": [
    -0.06970523068412948,
    -0.041831728079866536,
    -0.050956600147461485,
    -0.04648804154543884,
    -0.030158756770799055
  ],
  "y": [
    0.05322575569152832,
    0.05860090255737305,
    0.06680309772491456,
    0.07920563220977785,
    0.047855973243713386
  ],
  "x_": [
    48.8376264679435,
    48.8582881777744,
    48.85176193318182,
    48.854853975561916,
    48.866877945740384
  ],
  "y_": [
    2.33560860157013,
    2.3422282934188847,
    2.3517769575119023,
    2.366244792938233,
    2.329659461975098
  ]
}