{
  "corners": [
    [
      48.883239951375046,
      2.294095413686664
    ],
    [
      48.90892499038938,
      2.3877581456324473
    ],
    [
      48.82994925562974,
      2.3185193344420942
    ],
    [
      48.85563429464408,
      2.412182066387877
    ]
  ],
  "projection": [
    -0.34069437707947176,
    0.6405726400226903,
    0.8281207692768437,
    48.883239951375046,
    2.294095413686664
  ],
  "x": [
    -0.07488725437382363,
    -0.04330157821435466,
    -0.054266444676003965,
    -0.028372405799973046,
    -0.0483119430513559
  ],
  "y": [
    0.05219578742980958,
    0.05840778350830079,
    0.07003784179687501,
    0.042432546615600586,
    0.08734345436096193
  ],
  "x_": [
    48.8376264679435,
    48.858274060261955,
    48.85175487350584,
    48.866609758356184,
    48.854857505181556
  ],
  "y_": [
    2.335624694824219,
    2.3422336578369145,
    2.351814508438111,
    2.3287743330001835,
    2.3662233352661137
  ]
}