{
  "corners": [
    [
      48.90331889573389,
      2.2474410034449366
    ],
    [
      48.90585795975422,
      2.420153411766363
    ],
    [
      48.81479071518139,
      2.250581018934513
    ],
    [
      48.81732977920172,
      2.4232934272559397
    ]
  ],
  "projection": [
    -0.022830988386737798,
    0.926841395572445,
    1.4396452634953716,
    48.90331889573389,
    2.2474410034449366
  ],
  "x": [
    -0.07063863872125499,
    -0.048226112393339654,
    -0.053697816617220305,
    -0.0393319099052315,
    -0.05201339007267093
  ],
  "y": [
    0.061014890670776374,
    0.06545662879943849,
    0.07075130939483644,
    0.056573152542114265,
    0.08237600326538087
  ],
  "x_": [
    48.83762293710917,
    48.858284648396626,
    48.853060896621066,
    48.86660622956524,
    48.8548680940389
  ],
  "y_": [
    2.335624694824219,
    2.3422122001647954,
    2.3489499092102055,
    2.328736782073975,
    2.3662340641021733
  ]
}