{
  "corners": [
    [
      48.913698658145776,
      2.2059918990006384
    ],
    [
      48.9144323550806,
      2.4282365637495023
    ],
    [
      48.803257615061284,
      2.2068293270479384
    ],
    [
      48.8039913119961,
      2.4290739917968027
    ]
  ],
  "projection": [
    -0.005003196474050785,
    1.222052074800251,
    1.8520620532443144,
    48.913698658145776,
    2.2059918990006384
  ],
  "x": [
    -0.06237207611334408,
    -0.04546880244798236,
    -0.050854676245136704,
    -0.048301214219107054,
    -0.03746509285018648
  ],
  "y": [
    0.07011830806732179,
    0.07343351840972902,
    0.07871210575103761,
    0.08650124073028564,
    0.0664651393890381
  ],
  "x_": [
    48.837638825861724,
    48.8582881777744,
    48.85175840334394,
    48.85486103480092,
    48.86807594946469
  ],
  "y_": [
    2.335605919361115,
    2.342244386672974,
    2.3517984151840214,
    2.3662340641021733,
    2.32911765575409
  ]
}