{
  "corners": [
    [
      48.89761369838298,
      2.265531458503869
    ],
    [
      48.89717331396331,
      2.418642425178922
    ],
    [
      48.819575833098654,
      2.265009842660775
    ],
    [
      48.81913544867898,
      2.418120809335828
    ]
  ],
  "projection": [
    0.00438462783943942,
    0.8369882364556409,
    1.2759369871920558,
    48.89761369838298,
    2.265531458503869
  ],
  "x": [
    -0.07135210577149412,
    -0.04648804154543884,
    -0.05449711454737662,
    -0.050597184280616894,
    -0.03649949780597535
  ],
  "y": [
    0.055500268936157234,
    0.06025314331054688,
    0.06798863410949708,
    0.07928609848022462,
    0.050715208053588874
  ],
  "x_": [
    48.83762999877758,
    48.8582881777744,
    48.85176193318182,
    48.85485044594207,
    48.866870888196054
  ],
  "y_": [
    2.3356193304061894,
    2.3422390222549443,
    2.3518037796020512,
    2.3662501573562627,
    2.329656779766083
  ]
}