{
  "corners": [
    [
      48.90153510712643,
      2.3186132997714193
    ],
    [
      48.8638127715964,
      2.421925611521588
    ],
    [
      48.85160785613844,
      2.2710262705693816
    ],
    [
      48.813885520608416,
      2.37433858231955
    ]
  ],
  "projection": [
    0.5329804044830722,
    0.6186797553465639,
    0.9995813107742736,
    48.90153510712643,
    2.3186132997714193
  ],
  "x": [
    -0.04801690016395909,
    -0.05129455834880331,
    -0.040458437418379456,
    -0.048491650991234724,
    -0.052646391136168695
  ],
  "y": [
    0.05607426166534424,
    0.06590723991394044,
    0.07946848869323732,
    0.07366150617599487,
    0.043848752975463874
  ],
  "x_": [
    48.858284648396626,
    48.85343151859648,
    48.85484691632194,
    48.852510253191305,
    48.85963991114684
  ],
  "y_": [
    2.3422336578369145,
    2.3492449522018437,
    2.3662340641021733,
    2.3571360111236577,
    2.329337596893311
  ]
}