{
  "corners": [
    [
      48.91829076075045,
      2.2030383688913675
    ],
    [
      49.008347476375434,
      2.3969010444476164
    ],
    [
      48.818591017422754,
      2.3125949793629133
    ],
    [
      48.90864773304774,
      2.5064576549191626
    ]
  ],
  "projection": [
    -0.6203706600705922,
    1.2909429429239454,
    1.9854930460752682,
    48.91829076075045,
    2.2030383688913675
  ],
  "x": [
    -0.06280122929968836,
    -0.046010608496338735,
    -0.05117117678344389,
    -0.048730367507636194,
    -0.03950893565831011
  ],
  "y": [
    0.06778478622436525,
    0.0702255964279175,
    0.07503747940063478,
    0.08227944374084473,
    0.06399214267730714
  ],
  "x_": [
    48.83669255358823,
    48.858282883707695,
    48.851763698100676,
    48.854853975561916,
    48.866874416968344
  ],
  "y_": [
    2.338202297687531,
    2.342265844345093,
    2.351814508438111,
    2.3662501573562627,
    2.3296701908111577
  ]
}