{
  "corners": [
    [
      48.981436029037674,
      2.0797050277048936
    ],
    [
      48.99623012704151,
      2.5764605603242448
    ],
    [
      48.71659086780039,
      2.095081992262918
    ],
    [
      48.731384965804224,
      2.591837524882269
    ]
  ],
  "projection": [
    -0.041558708877730624,
    2.967359872258029,
    4.143206844283706,
    48.981436029037674,
    2.0797050277048936
  ],
  "x": [
    -0.04529714112487631,
    -0.04766284869740613,
    -0.048059815493119884,
    -0.054615131690536764,
    -0.048993223895513006
  ],
  "y": [
    0.06231307983398438,
    0.06486117839813234,
    0.04776477813720704,
    0.07160961627960206,
    0.061256289482116706
  ],
  "x_": [
    48.85827758964043,
    48.85176193318182,
    48.849742825280266,
    48.83245705994433,
    48.8471305718724
  ],
  "y_": [
    2.3422282934188847,
    2.351806461811066,
    2.281025648117066,
    2.38029956817627,
    2.337228655815125
  ]
}