{
  "corners": [
    [
      48.91408106069143,
      2.204024313738913
    ],
    [
      48.915198479207255,
      2.4492302451574317
    ],
    [
      48.80050674643765,
      2.2051840860639818
    ],
    [
      48.80162416495347,
      2.4503900174825004
    ]
  ],
  "projection": [
    -0.006821533535942059,
    1.3650732837222037,
    2.043430305434553,
    48.91408106069143,
    2.204024313738913
  ],
  "x": [
    -0.056428304133207645,
    -0.04131674408458232,
    -0.04610180357338644,
    -0.043907757276178024,
    -0.03497600338192666
  ],
  "y": [
    0.06424427032470705,
    0.06754338741302492,
    0.07223725318908693,
    0.07901519536972047,
    0.061202645301818855
  ],
  "x_": [
    48.8376264679435,
    48.858284648396626,
    48.85175487350584,
    48.85484691632194,
    48.866877945740384
  ],
  "y_": [
    2.3356193304061894,
    2.342201471328736,
    2.3518037796020512,
    2.3662340641021733,
    2.329659461975098
  ]
}