{
  "corners": [
    [
      48.90404483277382,
      2.2381285166097253
    ],
    [
      48.90573835395475,
      2.4288721410441805
    ],
    [
      48.81058074589257,
      2.2400181845631253
    ],
    [
      48.812274267073505,
      2.4307618089975804
    ]
  ],
  "projection": [
    -0.013397219782554662,
    1.0534348854308457,
    1.589672863099333,
    48.90404483277382,
    2.2381285166097253
  ],
  "x": [
    -0.06682990466144137,
    -0.04435300384057952,
    -0.04898785947944583,
    -0.03605961561572132,
    -0.04778623026929205
  ],
  "y": [
    0.05915880203247071,
    0.06459832191467287,
    0.06931364536285402,
    0.05718469619750977,
    0.08010149002075197
  ],
  "x_": [
    48.834498051146106,
    48.858284648396626,
    48.85342798887631,
    48.866874416968344,
    48.854853975561916
  ],
  "y_": [
    2.332803010940552,
    2.342222929000855,
    2.349218130111695,
    2.329659461975098,
    2.3662286996841435
  ]
}