{
  "corners": [
    [
      48.901925855093836,
      2.2475219306026997
    ],
    [
      48.90555117671762,
      2.4199826800194857
    ],
    [
      48.811509846888534,
      2.2516992608472486
    ],
    [
      48.81513516851232,
      2.4241600102640346
    ]
  ],
  "projection": [
    -0.031154037615079046,
    0.9698871607804516,
    1.4378706353410626,
    48.901925855093836,
    2.2475219306026997
  ],
  "x": [
    -0.06781695689751979,
    -0.046466583880381364,
    -0.0516056944690841,
    -0.050527446873384785,
    -0.03758847443840773
  ],
  "y": [
    0.060381889343261726,
    0.06441593170166017,
    0.06958186626434328,
    0.08099734783172609,
    0.05588114261627198
  ],
  "x_": [
    48.8376264679435,
    48.858281119018656,
    48.85343504831638,
    48.85486103480092,
    48.86686559503716
  ],
  "y_": [
    2.3356139659881596,
    2.3422336578369145,
    2.3492020368576054,
    2.3662501573562627,
    2.3296487331390385
  ]
}