{
  "corners": [
    [
      48.963082421904296,
      2.1482020976619993
    ],
    [
      48.96193302482689,
      2.525162078134307
    ],
    [
      48.75671450399124,
      2.146741260553889
    ],
    [
      48.755565106913835,
      2.5237012410261968
    ]
  ],
  "projection": [
    0.0046458384223904406,
    2.0617039517269498,
    3.141367071883897,
    48.963082421904296,
    2.1482020976619993
  ],
  "x": [
    -0.06093441291373027,
    -0.050983422227008586,
    -0.05402504597244607,
    -0.05252837398921733,
    -0.046686524946934274
  ],
  "y": [
    0.059684514999389655,
    0.06186246871948243,
    0.0646573305130005,
    0.06953358650207521,
    0.05802154541015626
  ],
  "x_": [
    48.8376264679435,
    48.85827758964043,
    48.85175487350584,
    48.854882212511924,
    48.866874416968344
  ],
  "y_": [
    2.3356139659881596,
    2.3422282934188847,
    2.3518037796020512,
    2.3662340641021733,
    2.3296487331390385
  ]
}