{
  "corners": [
    [
      48.89668143022308,
      2.25666440971409
    ],
    [
      48.96372327744493,
      2.39658316401925
    ],
    [
      48.833367595609175,
      2.331484304766705
    ],
    [
      48.90040944283102,
      2.4714030590718647
    ]
  ],
  "projection": [
    -0.6450856439898327,
    0.9291748539086113,
    1.4592229978091402,
    48.89668143022308,
    2.25666440971409
  ],
  "x": [
    -0.06386338342069249,
    -0.04170298208136672,
    -0.04893957973480309,
    -0.04539370061917435,
    -0.0323688966698994
  ],
  "y": [
    0.054271817207336426,
    0.05871891975402833,
    0.06524473428726198,
    0.07515013217926027,
    0.05017876625061036
  ],
  "x_": [
    48.83762293710917,
    48.85827935432957,
    48.851763698100676,
    48.85484691632194,
    48.866874416968344
  ],
  "y_": [
    2.335624694824219,
    2.342271208763123,
    2.3517957329750065,
    2.3662286996841435,
    2.329659461975098
  ]
}