{
  "corners": [
    [
      48.89308396690525,
      2.2866623977032923
    ],
    [
      48.88522909913409,
      2.416771302413304
    ],
    [
      48.82750023474517,
      2.2776502691083627
    ],
    [
      48.81964536697401,
      2.4077591738183743
    ]
  ],
  "projection": [
    0.09083116766575328,
    0.7216391333325691,
    1.0887289564495761,
    48.89308396690525,
    2.2866623977032923
  ],
  "x": [
    -0.07343886271917476,
    -0.04500746264121885,
    -0.05339740933875548,
    -0.03309845740289288,
    -0.04762529778418529
  ],
  "y": [
    0.048301219940185554,
    0.05373001098632813,
    0.0630319118499756,
    0.043183565139770515,
    0.07634639739990236
  ],
  "x_": [
    48.83762293710917,
    48.85829170715186,
    48.85176546301945,
    48.866874416968344,
    48.85486103480092
  ],
  "y_": [
    2.3356193304061894,
    2.3422390222549443,
    2.351809144020081,
    2.329662144184113,
    2.3662340641021733
  ]
}