{
  "corners": [
    [
      48.88465520717139,
      2.2858082188125595
    ],
    [
      48.88370243747027,
      2.405421490661454
    ],
    [
      48.82726731607711,
      2.2848224488540136
    ],
    [
      48.826314546376,
      2.4044357207029083
    ]
  ],
  "projection": [
    0.01169666722821831,
    0.6788197355244461,
    0.996845454852292,
    48.88465520717139,
    2.2858082188125595
  ],
  "x": [
    -0.040297504917446256,
    -0.07485506789311978,
    -0.04840850254149378,
    -0.027508734599882536,
    -0.045146937466815015
  ],
  "y": [
    0.057560205459594734,
    0.04848361015319825,
    0.06439447402954103,
    0.04363417625427246,
    0.08163571357727052
  ],
  "x_": [
    48.858284648396626,
    48.834490989036155,
    48.853082075093546,
    48.866602700774045,
    48.854889271746934
  ],
  "y_": [
    2.342249751091004,
    2.332760095596314,
    2.348966002464295,
    2.328763604164124,
    2.3662233352661137
  ]
}