{
  "corners": [
    [
      48.909711804546944,
      2.241331238510788
    ],
    [
      48.90866347855782,
      2.431961207202384
    ],
    [
      48.808521666782696,
      2.2400411512851455
    ],
    [
      48.80747334079357,
      2.4306711199767412
    ]
  ],
  "projection": [
    0.008373034536741732,
    1.0433674851435084,
    1.588638760015257,
    48.909711804546944,
    2.241331238510788
  ],
  "x": [
    -0.06849287309107562,
    -0.048655265682339514,
    -0.054808250651563806,
    -0.051809542271201936,
    -0.0404959883352134
  ],
  "y": [
    0.0598132610321045,
    0.06360590457916261,
    0.06998956203460695,
    0.07906079292297365,
    0.05591332912445069
  ],
  "x_": [
    48.83762293710917,
    48.85827758964043,
    48.85176193318182,
    48.854857505181556,
    48.866870888196054
  ],
  "y_": [
    2.3356139659881596,
    2.3422336578369145,
    2.351809144020081,
    2.3662340641021733,
    2.329664826393128
  ]
}