{
  "corners": [
    [
      48.90940483086263,
      2.2255008553929647
    ],
    [
      48.91315948531169,
      2.4355786939610637
    ],
    [
      48.80481554090036,
      2.2300388367564383
    ],
    [
      48.80857019534942,
      2.4401166753245374
    ]
  ],
  "projection": [
    -0.02784007431743319,
    1.124021039463854,
    1.7513273112987733,
    48.90940483086263,
    2.2255008553929647
  ],
  "x": [
    -0.047196144488722544,
    -0.05266784879921606,
    -0.068364127150182,
    -0.04961549615657008,
    -0.03954648657558934
  ],
  "y": [
    0.06589651107788087,
    0.0720655918121338,
    0.061411857604980476,
    0.08017659187316896,
    0.05910515785217286
  ],
  "x_": [
    48.85827935432957,
    48.85258614351099,
    48.83448745798081,
    48.8559869706788,
    48.86684618678304
  ],
  "y_": [
    2.342273890972138,
    2.3523509502410893,
    2.332781553268433,
    2.3666793107986455,
    2.3295521736145024
  ]
}