{
  "corners": [
    [
      48.90851243354564,
      2.2390537338798104
    ],
    [
      48.90535822526211,
      2.439687932146455
    ],
    [
      48.81362791962056,
      2.2353967735747315
    ],
    [
      48.81047371133703,
      2.436030971841376
    ]
  ],
  "projection": [
    0.024610331645271807,
    1.0681579970219546,
    1.6724581041912572,
    48.90851243354564,
    2.2390537338798104
  ],
  "x": [
    -0.07010219732287651,
    -0.048043722244689356,
    -0.040029284081862106,
    -0.05435227532591616,
    -0.05100487989062845
  ],
  "y": [
    0.0572115182876587,
    0.06279051303863527,
    0.054427385330200195,
    0.0683104991912842,
    0.07697403430938722
  ],
  "x_": [
    48.834490989036155,
    48.85829170715186,
    48.86659917198259,
    48.85179723154682,
    48.85484691632194
  ],
  "y_": [
    2.3327708244323735,
    2.3421907424926762,
    2.3287528753280644,
    2.3516964912414555,
    2.3662340641021733
  ]
}