{
  "corners": [
    [
      48.910602763632326,
      2.2115333445922345
    ],
    [
      48.92275379859398,
      2.424049991551599
    ],
    [
      48.808661787799366,
      2.2244759006745753
    ],
    [
      48.82081282276103,
      2.43699254763394
    ]
  ],
  "projection": [
    -0.08499594358684731,
    1.1927704295363462,
    1.7773883965595556,
    48.910602763632326,
    2.2115333445922345
  ],
  "x": [
    -0.06421207037484564,
    -0.04429399525990942,
    -0.049261444698401054,
    -0.03699302416321135,
    -0.04718273344819838
  ],
  "y": [
    0.06878793239593507,
    0.07375538349151613,
    0.07948994636535646,
    0.06673336029052736,
    0.08728712797164917
  ],
  "x_": [
    48.834480395869384,
    48.858281119018656,
    48.85258084884126,
    48.86693440605915,
    48.85485044594207
  ],
  "y_": [
    2.332781553268433,
    2.342244386672974,
    2.3523509502410893,
    2.32961654663086,
    2.366244792938233
  ]
}