{
  "corners": [
    [
      48.907833517977835,
      2.2182193771657857
    ],
    [
      48.912176525549135,
      2.4334968245376936
    ],
    [
      48.79966955462384,
      2.223385888378339
    ],
    [
      48.80401256219514,
      2.4386633357502463
    ]
  ],
  "projection": [
    -0.031032300865434473,
    1.166447159861372,
    1.7948428789114883,
    48.907833517977835,
    2.2182193771657857
  ],
  "x": [
    -0.06383656134720117,
    -0.03617763278891861,
    -0.045522446611363954,
    -0.04364490086943416,
    -0.047936433921717404
  ],
  "y": [
    0.06431937217712404,
    0.06175249814987183,
    0.08223652839660645,
    0.06891936063766481,
    0.07470220327377321
  ],
  "x_": [
    48.8344715682287,
    48.866609758356184,
    48.856286980668095,
    48.85827758964043,
    48.85302206939818
  ],
  "y_": [
    2.33273059129715,
    2.328766286373139,
    2.3648232221603394,
    2.3422551155090336,
    2.3511707782745366
  ]
}