{
  "corners": [
    [
      48.907365795855284,
      2.2087905912438925
    ],
    [
      48.90902793080933,
      2.4252978026209595
    ],
    [
      48.80826638589014,
      2.210645515867582
    ],
    [
      48.80992852084419,
      2.427152727244649
    ]
  ],
  "projection": [
    -0.011986813711616088,
    1.1555578198403933,
    1.8043563882270979,
    48.907365795855284,
    2.2087905912438925
  ],
  "x": [
    -0.06176589723166734,
    -0.043108459220198965,
    -0.04889666440620207,
    -0.04619836306659037,
    -0.03587722543864959
  ],
  "y": [
    0.07120192050933839,
    0.07347106933593751,
    0.07870674133300783,
    0.08686602115631105,
    0.06617009639739992
  ],
  "x_": [
    48.83670138083755,
    48.858281119018656,
    48.85179017187582,
    48.854882212511924,
    48.86659917198259
  ],
  "y_": [
    2.338221073150635,
    2.3422336578369145,
    2.351664304733277,
    2.3662340641021733,
    2.328736782073975
  ]
}