{
  "corners": [
    [
      48.89425252565573,
      2.2555010725849733
    ],
    [
      48.89381946306543,
      2.4320880025039675
    ],
    [
      48.81494197037557,
      2.2550294972807055
    ],
    [
      48.81450890778526,
      2.4316164271996996
    ]
  ],
  "projection": [
    0.0038185983202696284,
    0.9450754929146548,
    1.4715684782919012,
    48.89425252565573,
    2.2555010725849733
  ],
  "x": [
    -0.05944846993948745,
    -0.03721296525632825,
    -0.04273295006347486,
    -0.041145082752087274,
    -0.028592346912020613
  ],
  "y": [
    0.0543200969696045,
    0.05871891975402833,
    0.06380975246429445,
    0.0753539800643921,
    0.05053281784057617
  ],
  "x_": [
    48.83761940627458,
    48.858274060261955,
    48.85343151859648,
    48.854853975561916,
    48.86688500328369
  ],
  "y_": [
    2.3356193304061894,
    2.3422282934188847,
    2.349218130111695,
    2.3662233352661137,
    2.3296540975570683
  ]
}