{
  "corners": [
    [
      48.88499073968742,
      2.2894345142009076
    ],
    [
      48.88689559368343,
      2.3984654927622118
    ],
    [
      48.82841076220737,
      2.291819857349241
    ],
    [
      48.83031561620337,
      2.4008508359105454
    ]
  ],
  "projection": [
    -0.027132720851401965,
    0.5851138640539935,
    0.908926036134281,
    48.88499073968742,
    2.2894345142009076
  ],
  "x": [
    -0.08185026245879447,
    -0.046745533525645144,
    -0.05818246795150762,
    -0.05251764515766821,
    -0.031650064766101445
  ],
  "y": [
    0.05136966705322266,
    0.05807518959045411,
    0.06857872009277345,
    0.08452177047729494,
    0.0444173812866211
  ],
  "x_": [
    48.83762999877758,
    48.858274060261955,
    48.85176193318182,
    48.85486103480092,
    48.86687618135439
  ],
  "y_": [
    2.3356193304061894,
    2.342222929000855,
    2.351809144020081,
    2.366244792938233,
    2.3296540975570683
  ]
}