{
  "corners": [
    [
      48.9111733572562,
      2.226914048294871
    ],
    [
      48.90960625040545,
      2.436839660376005
    ],
    [
      48.80821144100547,
      2.2251527503153756
    ],
    [
      48.80664433415472,
      2.435078362396509
    ]
  ],
  "projection": [
    0.011299942022326256,
    1.1557140429391937,
    1.74949179464506,
    48.9111733572562,
    2.226914048294871
  ],
  "x": [
    -0.06301044147675516,
    -0.04509329330315354,
    -0.05076884559040279,
    -0.047904247424805466,
    -0.03773867811078153
  ],
  "y": [
    0.062055587768554694,
    0.06557464599609376,
    0.07122874259948732,
    0.07950067520141603,
    0.05891203880310059
  ],
  "x_": [
    48.8376264679435,
    48.858281119018656,
    48.85176899285682,
    48.854853975561916,
    48.866874416968344
  ],
  "y_": [
    2.3356193304061894,
    2.3422336578369145,
    2.351809144020081,
    2.366244792938233,
    2.3296433687210087
  ]
}