{
  "corners": [
    [
      48.91458629801854,
      2.2161399071709766
    ],
    [
      48.92211251831732,
      2.445869377379706
    ],
    [
      48.795749352922016,
      2.223626773912554
    ],
    [
      48.803275573220795,
      2.453356244121283
    ]
  ],
  "projection": [
    -0.04540000415861025,
    1.3819393701994485,
    1.9163869029079361,
    48.91458629801854,
    2.2161399071709766
  ],
  "x": [
    -0.059330452806225197,
    -0.04378437569761293,
    -0.04881619816501633,
    -0.03718077875492536,
    -0.046547050124327825
  ],
  "y": [
    0.06330013275146486,
    0.0649094581604004,
    0.06972670555114747,
    0.05862772464752198,
    0.0774112343788147
  ],
  "x_": [
    48.83669961538783,
    48.858281119018656,
    48.85180076138195,
    48.86688147451216,
    48.854853975561916
  ],
  "y_": [
    2.3382076621055607,
    2.3422336578369145,
    2.3516428470611577,
    2.3296540975570683,
    2.3662286996841435
  ]
}