{
  "corners": [
    [
      48.890523583931014,
      2.2730564645063227
    ],
    [
      48.88997295111613,
      2.4137682261954616
    ],
    [
      48.82457549577849,
      2.272484596397047
    ],
    [
      48.82402486296361,
      2.413196358086186
    ]
  ],
  "projection": [
    0.005825158765726091,
    0.787726639874438,
    1.1726179089336344,
    48.890523583931014,
    2.2730564645063227
  ],
  "x": [
    -0.0668513623189673,
    -0.040608641085626195,
    -0.049030774807983235,
    -0.04486262339895756,
    -0.029783247560081858
  ],
  "y": [
    0.05438446998596192,
    0.059287548065185554,
    0.06753802299499513,
    0.079801082611084,
    0.04851579666137696
  ],
  "x_": [
    48.837637060445026,
    48.85827758964043,
    48.85176546301945,
    48.85484691632194,
    48.866872652582224
  ],
  "y_": [
    2.3356112837791447,
    2.342217564582825,
    2.3518010973930363,
    2.3662340641021733,
    2.3296487331390385
  ]
}