{
  "corners": [
    [
      48.89246478712876,
      2.276900232035656
    ],
    [
      48.895397619603536,
      2.4102620997759923
    ],
    [
      48.82169544915869,
      2.2804961060801463
    ],
    [
      48.82462828163346,
      2.4138579738204826
    ]
  ],
  "projection": [
    -0.03341533184436178,
    0.7315450165319743,
    1.1119696440534552,
    48.89246478712876,
    2.276900232035656
  ],
  "x": [
    -0.07524130565993736,
    -0.04676699119062629,
    -0.055725565707896094,
    -0.0516164233007859,
    -0.035276410735134524
  ],
  "y": [
    0.052088499069213874,
    0.057903528213500984,
    0.06669044494628908,
    0.07960796356201172,
    0.04688501358032227
  ],
  "x_": [
    48.83762293710917,
    48.8582881777744,
    48.85176193318182,
    48.855016337806894,
    48.866870888196054
  ],
  "y_": [
    2.335624694824219,
    2.3422390222549443,
    2.3518037796020512,
    2.3663842678070073,
    2.329659461975098
  ]
}