{
  "corners": [
    [
      48.916300814248416,
      2.2083401561192177
    ],
    [
      48.91686529405073,
      2.457888623302048
    ],
    [
      48.80131963639478,
      2.2089520089151677
    ],
    [
      48.801884116197094,
      2.458500476097998
    ]
  ],
  "projection": [
    -0.003469405843036846,
    1.3558539998720927,
    2.0795830755831304,
    48.916300814248416,
    2.2083401561192177
  ],
  "x": [
    -0.04305481505506171,
    -0.04788278976018054,
    -0.060558903862689646,
    -0.03686427815724359,
    -0.04555463310937
  ],
  "y": [
    0.06448030471801759,
    0.06891667842864992,
    0.0599205493927002,
    0.05810469388961793,
    0.07618010044097902
  ],
  "x_": [
    48.8582881777744,
    48.85179723154682,
    48.83449452009125,
    48.866602700774045,
    48.85485044594207
  ],
  "y_": [
    2.342249751091004,
    2.3516696691513066,
    2.3327654600143437,
    2.328763604164124,
    2.366239428520203
  ]
}