{
  "corners": [
    [
      48.89118116138569,
      2.2782070353315307
    ],
    [
      48.88934944354815,
      2.412705253635503
    ],
    [
      48.823216041581674,
      2.2760784793546986
    ],
    [
      48.821384323744134,
      2.410576697658671
    ]
  ],
  "projection": [
    0.020649463959181012,
    0.7392637495053096,
    1.1210574870327772,
    48.89118116138569,
    2.2782070353315307
  ],
  "x": [
    -0.0757455605170288,
    -0.04302262855596155,
    -0.04948138575597208,
    -0.0319504721294998,
    -0.0471854156563083
  ],
  "y": [
    0.047979354858398444,
    0.056905746459960944,
    0.06317138671875001,
    0.04677772521972657,
    0.07782697677612305
  ],
  "x_": [
    48.83448745798081,
    48.858284648396626,
    48.85343857803606,
    48.866874416968344,
    48.85493162713607
  ],
  "y_": [
    2.332760095596314,
    2.3422282934188847,
    2.349234223365784,
    2.329659461975098,
    2.3661804199218754
  ]
}