{
  "corners": [
    [
      48.89358329379429,
      2.2757455345135433
    ],
    [
      48.89224486159432,
      2.412434114534338
    ],
    [
      48.79801507271922,
      2.2734780601351092
    ],
    [
      48.796676640519244,
      2.410166640155904
    ]
  ],
  "projection": [
    0.015240979766241836,
    0.7318449112988759,
    1.1392038089941392,
    48.89358329379429,
    2.2757455345135433
  ],
  "x": [
    -0.0465416857080571,
    -0.05324720569896329,
    -0.07941481908516176,
    -0.051047795217842744,
    -0.035748479431078825
  ],
  "y": [
    0.05845069885253907,
    0.06457686424255372,
    0.05012512207031251,
    0.07970452308654787,
    0.04677772521972657
  ],
  "x_": [
    48.858284648396626,
    48.85344210775545,
    48.834490989036155,
    48.854889271746934,
    48.86660622956524
  ],
  "y_": [
    2.342249751091004,
    2.3492234945297246,
    2.3327708244323735,
    2.3662233352661137,
    2.328736782073975
  ]
}