{
  "corners": [
    [
      48.89317174758212,
      2.256724393584416
    ],
    [
      48.893499030065335,
      2.4314122033725925
    ],
    [
      48.8067922193259,
      2.2571041316225875
    ],
    [
      48.80711950180911,
      2.431791941410764
    ]
  ],
  "projection": [
    -0.002869891816498637,
    0.9503346972733584,
    1.4557377431618215,
    48.89317174758212,
    2.256724393584416
  ],
  "x": [
    -0.03632783646369691,
    -0.04316746780179778,
    -0.05816637470571059,
    -0.03999173316481188,
    -0.02773404013094883
  ],
  "y": [
    0.05852580070495606,
    0.0653064250946045,
    0.05408138036727906,
    0.07528692483901979,
    0.04952430725097657
  ],
  "x_": [
    48.858284648396626,
    48.85179017187582,
    48.83762293710917,
    48.85485044594207,
    48.86659917198259
  ],
  "y_": [
    2.3422282934188847,
    2.351632118225098,
    2.3356139659881596,
    2.366239428520203,
    2.3287743330001835
  ]
}