{
  "corners": [
    [
      48.912077265966275,
      2.228974479682262
    ],
    [
      48.910481656934245,
      2.427687379994848
    ],
    [
      48.806966338242965,
      2.22709505967636
    ],
    [
      48.805370729210935,
      2.4258079599889464
    ]
  ],
  "projection": [
    0.011981671732444962,
    1.1097833744381451,
    1.6560597068606955,
    48.912077265966275,
    2.228974479682262
  ],
  "x": [
    -0.06984470544947323,
    -0.05358516388796457,
    -0.048446053454282066,
    -0.040758844752593046,
    -0.05138038900282479
  ],
  "y": [
    0.06378293037414552,
    0.0749945640563965,
    0.06879866123199464,
    0.06076812744140626,
    0.08341670036315918
  ],
  "x_": [
    48.83448745798081,
    48.852587908400785,
    48.85827758964043,
    48.86676855369145,
    48.854853975561916
  ],
  "y_": [
    2.3327654600143437,
    2.3523402214050297,
    2.3422390222549443,
    2.328908443450928,
    2.366239428520203
  ]
}