{
  "corners": [
    [
      48.90673187038517,
      2.210190586376348
    ],
    [
      48.90867580082561,
      2.424886138193504
    ],
    [
      48.811026153184976,
      2.2122125278778917
    ],
    [
      48.81297008362541,
      2.426908079695048
    ]
  ],
  "projection": [
    -0.013829819108292637,
    1.1713773416493019,
    1.7893007100619562,
    48.90673187038517,
    2.210190586376348
  ],
  "x": [
    -0.05904077438717116,
    -0.041445490083730975,
    -0.04692792367771772,
    -0.044358368257002914,
    -0.034047959231140595
  ],
  "y": [
    0.07028460502624513,
    0.07370173931121828,
    0.0792217254638672,
    0.08726835250854492,
    0.06670117378234865
  ],
  "x_": [
    48.83762999877758,
    48.85829170715186,
    48.85175487350584,
    48.8548751532759,
    48.866877945740384
  ],
  "y_": [
    2.3356193304061894,
    2.342222929000855,
    2.3518037796020512,
    2.366244792938233,
    2.329659461975098
  ]
}