{
  "corners": [
    [
      48.88325416124147,
      2.2949183791845824
    ],
    [
      48.899159972943615,
      2.3901200211676814
    ],
    [
      48.827692682650515,
      2.310226265656018
    ],
    [
      48.84359849435266,
      2.405427907639117
    ]
  ],
  "projection": [
    -0.21134501027594627,
    0.6318594772553856,
    0.8114009726055886,
    48.88325416124147,
    2.2949183791845824
  ],
  "x": [
    -0.0762820018479032,
    -0.04404186768742452,
    -0.055435887270585675,
    -0.04954575874829474,
    -0.02938628067879846
  ],
  "y": [
    0.05173444747924805,
    0.05839705467224122,
    0.07010221481323244,
    0.08777260780334474,
    0.04182636737823487
  ],
  "x_": [
    48.83762293710917,
    48.858387000249884,
    48.85176193318182,
    48.85485044594207,
    48.866479192925254
  ],
  "y_": [
    2.335630059242249,
    2.342319488525391,
    2.3518252372741704,
    2.366212606430054,
    2.3286509513854985
  ]
}