{
  "corners": [
    [
      48.88644084851782,
      2.2837001800044447
    ],
    [
      48.892631503138645,
      2.405383068742762
    ],
    [
      48.821716444909605,
      2.2890293885380983
    ],
    [
      48.82790709953043,
      2.410712277276416
    ]
  ],
  "projection": [
    -0.06463169575417382,
    0.7987524079766727,
    1.0161456844996208,
    48.88644084851782,
    2.2837001800044447
  ],
  "x": [
    -0.06847141543427486,
    -0.039600130743092925,
    -0.04904686805617204,
    -0.027245878146422684,
    -0.041810270413473224
  ],
  "y": [
    0.04912734031677247,
    0.0581502914428711,
    0.06750583648681642,
    0.04638075828552246,
    0.0823599100112915
  ],
  "x_": [
    48.834490989036155,
    48.858284648396626,
    48.85176193318182,
    48.866874416968344,
    48.8559269684652
  ],
  "y_": [
    2.3327708244323735,
    2.3422390222549443,
    2.351809144020081,
    2.3296540975570683,
    2.3672801256179814
  ]
}