{
  "corners": [
    [
      48.914676346016876,
      2.205639823245135
    ],
    [
      48.9135548256173,
      2.4295857227676083
    ],
    [
      48.80370630340948,
      2.2043667099123976
    ],
    [
      48.8025847830099,
      2.428312609434871
    ]
  ],
  "projection": [
    0.007579741084419242,
    1.2330358937278487,
    1.866269439996357,
    48.914676346016876,
    2.205639823245135
  ],
  "x": [
    -0.061787354891317876,
    -0.04491090314641191,
    -0.04956185199636905,
    -0.04763602661653592,
    -0.038135644957969374
  ],
  "y": [
    0.07020413875579835,
    0.07342278957366945,
    0.07905542850494386,
    0.08650124073028564,
    0.06681382656097413
  ],
  "x_": [
    48.8376264679435,
    48.85827053088322,
    48.85256672971922,
    48.854853975561916,
    48.866877945740384
  ],
  "y_": [
    2.335605919361115,
    2.342222929000855,
    2.35232949256897,
    2.3662501573562627,
    2.3296701908111577
  ]
}