{"corners": [[48.89425252565573, 2.2555010725849733], [48.89381946306543, 2.4320880025039675], [48.81494197037557, 2.2550294972807055], [48.81450890778526, 2.4316164271996996]], "projection": [0.0038185983202696284, 0.9450754929146548, 1.4715684782919012, 48.89425252565573, 2.2555010725849733], "x": [434086000, 271731000, 312063400, 300442200, 208754350], "y": [5080, 3180, 3652, 3516, 2443], "x_": [4188, 4591, 5017, 6054, 3824], "y_": [-386382648, -424002456, -463769299, -560572624, -352403468]}